{
  "company": "AAPL",
  "window_size": 120,
  "mse_score": 0.01696283507933757,
  "training_date": "2025-06-22T00:36:10.314780",
  "model_filename": "saved_models/AAPL_model.h5",
  "training_history": {
    "loss": [
      2.1667287349700928,
      0.09292184561491013,
      0.06061013415455818,
      0.036758095026016235,
      0.02960062585771084,
      0.02593022957444191,
      0.024317752569913864,
      0.02383670024573803,
      0.02264784462749958,
      0.023152248933911324
    ],
    "val_loss": [
      0.1274493932723999,
      0.057501185685396194,
      0.03228933364152908,
      0.026776451617479324,
      0.021599508821964264,
      0.019579576328396797,
      0.018894439563155174,
      0.017690395936369896,
      0.01725928485393524,
      0.016879362985491753
    ],
    "mse": [
      2.1667287349700928,
      0.09292184561491013,
      0.06061013415455818,
      0.036758095026016235,
      0.02960062585771084,
      0.02593022957444191,
      0.024317752569913864,
      0.02383670024573803,
      0.02264784462749958,
      0.023152248933911324
    ],
    "val_mse": [
      0.1274493932723999,
      0.057501185685396194,
      0.03228933364152908,
      0.026776451617479324,
      0.021599508821964264,
      0.019579576328396797,
      0.018894439563155174,
      0.017690395936369896,
      0.01725928485393524,
      0.016879362985491753
    ]
  }
}