{
  "company": "CSCO",
  "window_size": 120,
  "mse_score": 0.02041182165139227,
  "training_date": "2025-06-22T00:38:08.458334",
  "model_filename": "saved_models/CSCO_model.h5",
  "training_history": {
    "loss": [
      1.7656594514846802,
      0.08094468712806702,
      0.05442726984620094,
      0.03758719563484192,
      0.032748881727457047,
      0.0296640582382679,
      0.02715376205742359,
      0.025759506970643997,
      0.025950178503990173,
      0.023638855665922165
    ],
    "val_loss": [
      0.06549350917339325,
      0.04103510454297066,
      0.031551577150821686,
      0.026396818459033966,
      0.026245348155498505,
      0.024349527433514595,
      0.023732315748929977,
      0.022839047014713287,
      0.021926119923591614,
      0.021667269989848137
    ],
    "mse": [
      1.7656594514846802,
      0.08094468712806702,
      0.05442726984620094,
      0.03758719563484192,
      0.032748881727457047,
      0.0296640582382679,
      0.02715376205742359,
      0.025759506970643997,
      0.025950178503990173,
      0.023638855665922165
    ],
    "val_mse": [
      0.06549350917339325,
      0.04103510454297066,
      0.031551577150821686,
      0.026396818459033966,
      0.026245348155498505,
      0.024349527433514595,
      0.023732315748929977,
      0.022839047014713287,
      0.021926119923591614,
      0.021667269989848137
    ]
  }
}