{
  "company": "MSFT",
  "window_size": 120,
  "mse_score": 0.018676942293907796,
  "training_date": "2025-06-22T00:39:11.296541",
  "model_filename": "saved_models/MSFT_model.h5",
  "training_history": {
    "loss": [
      1.2395261526107788,
      0.10395178198814392,
      0.0718323141336441,
      0.04811985045671463,
      0.03636946156620979,
      0.03142804652452469,
      0.02846222184598446,
      0.027055243030190468,
      0.026178207248449326,
      0.025036079809069633
    ],
    "val_loss": [
      0.158203125,
      0.10125881433486938,
      0.043398283421993256,
      0.03700016811490059,
      0.03040277771651745,
      0.02768813632428646,
      0.025638677179813385,
      0.02514566294848919,
      0.02508462592959404,
      0.02498663403093815
    ],
    "mse": [
      1.2395261526107788,
      0.10395178198814392,
      0.0718323141336441,
      0.04811985045671463,
      0.03636946156620979,
      0.03142804652452469,
      0.02846222184598446,
      0.027055243030190468,
      0.026178207248449326,
      0.025036079809069633
    ],
    "val_mse": [
      0.158203125,
      0.10125881433486938,
      0.043398283421993256,
      0.03700016811490059,
      0.03040277771651745,
      0.02768813632428646,
      0.025638677179813385,
      0.02514566294848919,
      0.02508462592959404,
      0.02498663403093815
    ]
  }
}