{
  "company": "NFLX",
  "window_size": 120,
  "mse_score": 0.03552293093481301,
  "training_date": "2025-06-22T00:39:29.707407",
  "model_filename": "saved_models/NFLX_model.h5",
  "training_history": {
    "loss": [
      2.974916458129883,
      0.17114073038101196,
      0.18004563450813293,
      0.11901704221963882,
      0.08563734591007233,
      0.07967834174633026,
      0.06551671773195267,
      0.05068815127015114,
      0.04650219529867172,
      0.03530694544315338
    ],
    "val_loss": [
      0.10258285701274872,
      0.2639201879501343,
      0.08871825784444809,
      0.06588459014892578,
      0.08570287376642227,
      0.053941577672958374,
      0.05113387107849121,
      0.048791639506816864,
      0.03527804836630821,
      0.03581955283880234
    ],
    "mse": [
      2.974916458129883,
      0.17114073038101196,
      0.18004563450813293,
      0.11901704221963882,
      0.08563734591007233,
      0.07967834174633026,
      0.06551671773195267,
      0.05068815127015114,
      0.04650219529867172,
      0.03530694544315338
    ],
    "val_mse": [
      0.10258285701274872,
      0.2639201879501343,
      0.08871825784444809,
      0.06588459014892578,
      0.08570287376642227,
      0.053941577672958374,
      0.05113387107849121,
      0.048791639506816864,
      0.03527804836630821,
      0.03581955283880234
    ]
  }
}