{
  "company": "ORLY",
  "window_size": 120,
  "mse_score": 0.022131943391444007,
  "training_date": "2025-06-22T00:41:07.362119",
  "model_filename": "saved_models/ORLY_model.h5",
  "training_history": {
    "loss": [
      4.746408939361572,
      0.08192512392997742,
      0.07462071627378464,
      0.05728929862380028,
      0.04579383507370949,
      0.03818957135081291,
      0.035869184881448746,
      0.031185371801257133,
      0.02920464612543583,
      0.028114078566432
    ],
    "val_loss": [
      0.09483630955219269,
      0.10382203757762909,
      0.044036149978637695,
      0.03593447431921959,
      0.03484582528471947,
      0.03368102386593819,
      0.02570667676627636,
      0.023783043026924133,
      0.02566666714847088,
      0.022589225322008133
    ],
    "mse": [
      4.746408939361572,
      0.08192512392997742,
      0.07462071627378464,
      0.05728929862380028,
      0.04579383507370949,
      0.03818957135081291,
      0.035869184881448746,
      0.031185371801257133,
      0.02920464612543583,
      0.028114078566432
    ],
    "val_mse": [
      0.09483630955219269,
      0.10382203757762909,
      0.044036149978637695,
      0.03593447431921959,
      0.03484582528471947,
      0.03368102386593819,
      0.02570667676627636,
      0.023783043026924133,
      0.02566666714847088,
      0.022589225322008133
    ]
  }
}