{
  "company": "ADBE",
  "window_size": 120,
  "mse_score": 0.021658608196593467,
  "training_date": "2025-06-22T00:36:41.037245",
  "model_filename": "saved_models/ADBE_model.h5",
  "training_history": {
    "loss": [
      1.1200605630874634,
      0.2277102768421173,
      0.09530181437730789,
      0.07135086506605148,
      0.05220911279320717,
      0.03685217350721359,
      0.032927561551332474,
      0.028208397328853607,
      0.026348398998379707,
      0.02526833303272724
    ],
    "val_loss": [
      0.37071529030799866,
      0.12813778221607208,
      0.060373593121767044,
      0.04979424551129341,
      0.032760925590991974,
      0.02994588017463684,
      0.02635049633681774,
      0.025311363860964775,
      0.02329413779079914,
      0.0234348326921463
    ],
    "mse": [
      1.1200605630874634,
      0.2277102768421173,
      0.09530181437730789,
      0.07135086506605148,
      0.05220911279320717,
      0.03685217350721359,
      0.032927561551332474,
      0.028208397328853607,
      0.026348398998379707,
      0.02526833303272724
    ],
    "val_mse": [
      0.37071529030799866,
      0.12813778221607208,
      0.060373593121767044,
      0.04979424551129341,
      0.032760925590991974,
      0.02994588017463684,
      0.02635049633681774,
      0.025311363860964775,
      0.02329413779079914,
      0.0234348326921463
    ]
  }
}