{
  "company": "AMZN",
  "window_size": 120,
  "mse_score": 0.024154285658075793,
  "training_date": "2025-06-22T00:37:22.273785",
  "model_filename": "saved_models/AMZN_model.h5",
  "training_history": {
    "loss": [
      6.603575706481934,
      0.11545611172914505,
      0.08699601143598557,
      0.06808283179998398,
      0.05574434995651245,
      0.047602467238903046,
      0.03704702481627464,
      0.03543616086244583,
      0.03149741515517235,
      0.029275033622980118
    ],
    "val_loss": [
      0.22229579091072083,
      0.06920605897903442,
      0.04485166445374489,
      0.07685472071170807,
      0.03582647442817688,
      0.024217622354626656,
      0.030701393261551857,
      0.02422022819519043,
      0.027744466438889503,
      0.021486038342118263
    ],
    "mse": [
      6.603575706481934,
      0.11545611172914505,
      0.08699601143598557,
      0.06808283179998398,
      0.05574434995651245,
      0.047602467238903046,
      0.03704702481627464,
      0.03543616086244583,
      0.03149741515517235,
      0.029275033622980118
    ],
    "val_mse": [
      0.22229579091072083,
      0.06920605897903442,
      0.04485166445374489,
      0.07685472071170807,
      0.03582647442817688,
      0.024217622354626656,
      0.030701393261551857,
      0.02422022819519043,
      0.027744466438889503,
      0.021486038342118263
    ]
  }
}