{
  "company": "ASML",
  "window_size": 120,
  "mse_score": 0.024298948026578136,
  "training_date": "2025-06-22T00:37:45.752053",
  "model_filename": "saved_models/ASML_model.h5",
  "training_history": {
    "loss": [
      0.6999474763870239,
      0.2819831967353821,
      0.08885592967271805,
      0.07487393915653229,
      0.05296492204070091,
      0.036141976714134216,
      0.031897831708192825,
      0.026673147454857826,
      0.02547638490796089,
      0.023952610790729523
    ],
    "val_loss": [
      0.2133059799671173,
      0.08346474170684814,
      0.0724489837884903,
      0.04650579392910004,
      0.04171963036060333,
      0.03826235234737396,
      0.031826309859752655,
      0.02971339225769043,
      0.02627767249941826,
      0.027875883504748344
    ],
    "mse": [
      0.6999474763870239,
      0.2819831967353821,
      0.08885592967271805,
      0.07487393915653229,
      0.05296492204070091,
      0.036141976714134216,
      0.031897831708192825,
      0.026673147454857826,
      0.02547638490796089,
      0.023952610790729523
    ],
    "val_mse": [
      0.2133059799671173,
      0.08346474170684814,
      0.0724489837884903,
      0.04650579392910004,
      0.04171963036060333,
      0.03826235234737396,
      0.031826309859752655,
      0.02971339225769043,
      0.02627767249941826,
      0.027875883504748344
    ]
  }
}