{
  "company": "INTC",
  "window_size": 120,
  "mse_score": 0.018007180126694236,
  "training_date": "2025-06-22T00:38:43.238084",
  "model_filename": "saved_models/INTC_model.h5",
  "training_history": {
    "loss": [
      3.3801393508911133,
      0.08482994139194489,
      0.05574564263224602,
      0.03731023892760277,
      0.030665284022688866,
      0.027176806703209877,
      0.024986732751131058,
      0.02300620637834072,
      0.022244231775403023,
      0.021921290084719658
    ],
    "val_loss": [
      0.09568764269351959,
      0.06897822767496109,
      0.039840180426836014,
      0.03251504898071289,
      0.02561003342270851,
      0.02098315767943859,
      0.02007715217769146,
      0.019560188055038452,
      0.019449952989816666,
      0.018674613907933235
    ],
    "mse": [
      3.3801393508911133,
      0.08482994139194489,
      0.05574564263224602,
      0.03731023892760277,
      0.030665284022688866,
      0.027176806703209877,
      0.024986732751131058,
      0.02300620637834072,
      0.022244231775403023,
      0.021921290084719658
    ],
    "val_mse": [
      0.09568764269351959,
      0.06897822767496109,
      0.039840180426836014,
      0.03251504898071289,
      0.02561003342270851,
      0.02098315767943859,
      0.02007715217769146,
      0.019560188055038452,
      0.019449952989816666,
      0.018674613907933235
    ]
  }
}