{
  "company": "NVDA",
  "window_size": 120,
  "mse_score": 0.02311905488727044,
  "training_date": "2025-06-22T00:40:16.063174",
  "model_filename": "saved_models/NVDA_model.h5",
  "training_history": {
    "loss": [
      0.8740781545639038,
      0.0922844186425209,
      0.11442964524030685,
      0.07608538866043091,
      0.05647115781903267,
      0.04534458369016647,
      0.033649735152721405,
      0.031529996544122696,
      0.02715434692800045,
      0.026469450443983078
    ],
    "val_loss": [
      0.08218610286712646,
      0.3010314106941223,
      0.13440442085266113,
      0.03219689801335335,
      0.0629592016339302,
      0.03074166178703308,
      0.03551705554127693,
      0.029416032135486603,
      0.03653474152088165,
      0.026273004710674286
    ],
    "mse": [
      0.8740781545639038,
      0.0922844186425209,
      0.11442964524030685,
      0.07608538866043091,
      0.05647115781903267,
      0.04534458369016647,
      0.033649735152721405,
      0.031529996544122696,
      0.02715434692800045,
      0.026469450443983078
    ],
    "val_mse": [
      0.08218610286712646,
      0.3010314106941223,
      0.13440442085266113,
      0.03219689801335335,
      0.0629592016339302,
      0.03074166178703308,
      0.03551705554127693,
      0.029416032135486603,
      0.03653474152088165,
      0.026273004710674286
    ]
  }
}